{
	"IcoMoonType": "selection",
	"icons": [
		{
			"icon": {
				"paths": [
					"M878.558 562.176c2.048-16.384 3.584-32.768 3.584-50.176s-1.536-33.792-3.584-50.176l108.032-84.48c9.728-7.68 12.288-21.504 6.144-32.768l-102.4-177.152c-6.144-11.264-19.968-15.36-31.232-11.264l-127.488 51.2c-26.624-20.48-55.296-37.376-86.528-50.176l-19.456-135.68c-1.536-12.288-12.288-21.504-25.088-21.504h-204.8c-12.8 0-23.552 9.216-25.088 21.504l-19.456 135.68c-31.232 12.8-59.904 30.208-86.528 50.176l-127.488-51.2c-11.776-4.608-25.088 0-31.232 11.264l-102.4 177.152c-6.656 11.264-3.584 25.088 6.144 32.768l108.032 84.48c-2.048 16.384-3.584 33.28-3.584 50.176s1.536 33.792 3.584 50.176l-108.032 84.48c-9.728 7.68-12.288 21.504-6.144 32.768l102.4 177.152c6.144 11.264 19.968 15.36 31.232 11.264l127.488-51.2c26.624 20.48 55.296 37.376 86.528 50.176l19.456 135.68c1.536 12.288 12.288 21.504 25.088 21.504h204.8c12.8 0 23.552-9.216 25.088-21.504l19.456-135.68c31.232-12.8 59.904-30.208 86.528-50.176l127.488 51.2c11.776 4.608 25.088 0 31.232-11.264l102.4-177.152c6.144-11.264 3.584-25.088-6.144-32.768l-108.032-84.48zM498.142 691.2c-98.816 0-179.2-80.384-179.2-179.2s80.384-179.2 179.2-179.2c98.816 0 179.2 80.384 179.2 179.2s-80.384 179.2-179.2 179.2v0z"
				],
				"attrs": [],
				"isMulticolor": false,
				"grid": 0,
				"tags": [
					"Settings"
				],
				"colorPermutations": {
					"11410811118681841": []
				}
			},
			"attrs": [],
			"properties": {
				"order": 82,
				"id": 0,
				"prevSize": 32,
				"code": 97,
				"name": "settings"
			},
			"setIdx": 1,
			"setId": 1,
			"iconIdx": 0
		},
		{
			"icon": {
				"paths": [
					"M435.2 1024c56.32 0 102.4-46.080 102.4-102.4h-204.8c0 56.32 46.080 102.4 102.4 102.4v0zM768 716.8v-281.6c0-158.72-107.52-286.72-256-322.56v-35.84c0-40.96-35.84-76.8-76.8-76.8s-76.8 35.84-76.8 76.8v35.84c-148.48 35.84-256 163.84-256 322.56v281.6l-102.4 102.4v51.2h870.4v-51.2l-102.4-102.4z"
				],
				"attrs": [],
				"isMulticolor": false,
				"width": 870,
				"grid": 0,
				"tags": [
					"Alert"
				],
				"colorPermutations": {
					"11410811118681841": []
				}
			},
			"attrs": [],
			"properties": {
				"order": 83,
				"id": 1,
				"prevSize": 32,
				"code": 98,
				"name": "alert"
			},
			"setIdx": 1,
			"setId": 1,
			"iconIdx": 1
		},
		{
			"icon": {
				"paths": [
					"M512 0c-282.624 0-512 229.376-512 512s229.376 512 512 512c282.624 0 512-229.376 512-512s-229.376-512-512-512v0zM563.2 768h-102.4v-102.4h102.4v102.4zM563.2 563.2h-102.4v-307.2h102.4v307.2z"
				],
				"attrs": [],
				"isMulticolor": false,
				"grid": 0,
				"tags": [
					"AlertError"
				],
				"colorPermutations": {
					"11410811118681841": []
				}
			},
			"attrs": [],
			"properties": {
				"order": 84,
				"id": 35,
				"prevSize": 32,
				"code": 99,
				"name": "alert-error"
			},
			"setIdx": 1,
			"setId": 1,
			"iconIdx": 2
		},
		{
			"icon": {
				"paths": [
					"M512 0c-281.6 0-512 230.4-512 512s230.4 512 512 512c281.6 0 512-230.4 512-512s-230.4-512-512-512v0zM563.2 768h-102.4v-307.2h102.4v307.2zM563.2 358.4h-102.4v-102.4h102.4v102.4z"
				],
				"attrs": [],
				"isMulticolor": false,
				"grid": 0,
				"tags": [
					"AlertInfo"
				],
				"colorPermutations": {
					"11410811118681841": []
				}
			},
			"attrs": [],
			"properties": {
				"order": 120,
				"id": 34,
				"prevSize": 32,
				"code": 100,
				"name": "alert-info"
			},
			"setIdx": 1,
			"setId": 1,
			"iconIdx": 3
		},
		{
			"icon": {
				"paths": [
					"M512 0c-282.624 0-512 229.376-512 512s229.376 512 512 512c282.624 0 512-229.376 512-512s-229.376-512-512-512v0zM409.6 768l-256-256 72.192-72.192 183.808 183.296 388.608-388.608 72.192 72.704-460.8 460.8z"
				],
				"attrs": [],
				"isMulticolor": false,
				"grid": 0,
				"tags": [
					"AlertSuccess"
				],
				"colorPermutations": {
					"11410811118681841": []
				}
			},
			"attrs": [],
			"properties": {
				"order": 119,
				"id": 33,
				"prevSize": 32,
				"code": 101,
				"name": "alert-success"
			},
			"setIdx": 1,
			"setId": 1,
			"iconIdx": 4
		},
		{
			"icon": {
				"paths": [
					"M0 807.822v216.178h216.178l625.778-631.467-216.178-216.178-625.778 631.467zM1006.933 227.556c22.756-22.756 22.756-56.889 0-79.644l-130.844-130.844c-22.756-22.756-56.889-22.756-79.644 0l-102.4 102.4 216.178 216.178 96.711-108.089z"
				],
				"attrs": [],
				"isMulticolor": false,
				"grid": 0,
				"tags": [
					"Edit"
				],
				"colorPermutations": {
					"11410811118681841": []
				}
			},
			"attrs": [],
			"properties": {
				"order": 123,
				"id": 25,
				"prevSize": 32,
				"code": 102,
				"name": "edit"
			},
			"setIdx": 1,
			"setId": 1,
			"iconIdx": 5
		},
		{
			"icon": {
				"paths": [
					"M1024 102.4l-102.4-102.4-409.6 409.6-409.6-409.6-102.4 102.4 409.6 409.6-409.6 409.6 102.4 102.4 409.6-409.6 409.6 409.6 102.4-102.4-409.6-409.6 409.6-409.6z"
				],
				"attrs": [],
				"isMulticolor": false,
				"grid": 0,
				"tags": [
					"CloseX"
				],
				"colorPermutations": {
					"11410811118681841": []
				}
			},
			"attrs": [],
			"properties": {
				"order": 134,
				"id": 27,
				"prevSize": 32,
				"code": 103,
				"name": "close-x"
			},
			"setIdx": 1,
			"setId": 1,
			"iconIdx": 6
		},
		{
			"icon": {
				"paths": [
					"M409.6 204.8v-179.2l-256 256 256 256v-230.4c168.96 0 307.2 138.24 307.2 307.2s-138.24 307.2-307.2 307.2c-168.96 0-307.2-138.24-307.2-307.2h-102.4c0 225.28 184.32 409.6 409.6 409.6s409.6-184.32 409.6-409.6c0-225.28-184.32-409.6-409.6-409.6v0z"
				],
				"attrs": [],
				"isMulticolor": false,
				"width": 819,
				"grid": 0,
				"tags": [
					"Refresh"
				],
				"colorPermutations": {
					"11410811118681841": []
				}
			},
			"attrs": [],
			"properties": {
				"order": 135,
				"id": 11,
				"prevSize": 32,
				"code": 104,
				"name": "refresh"
			},
			"setIdx": 1,
			"setId": 1,
			"iconIdx": 7
		},
		{
			"icon": {
				"paths": [
					"M318.417 460.8h-106.139v102.4h106.139v-102.4zM530.694 460.8h-106.139v102.4h106.139v-102.4zM742.972 460.8h-106.139v102.4h106.139v-102.4zM849.111 102.4h-53.069v-102.4h-106.139v102.4h-424.556v-102.4h-106.139v102.4h-53.069c-58.907 0-105.608 46.080-105.608 102.4l-0.531 716.8c0 56.32 47.232 102.4 106.139 102.4h742.972c58.376 0 106.139-46.080 106.139-102.4v-716.8c0-56.32-47.763-102.4-106.139-102.4v0zM106.139 921.6v-563.2h742.972v563.2h-742.972z",
					"M212.109 665.6h106.055v102.4h-106.055v-102.4z",
					"M424.219 665.6h106.055v102.4h-106.055v-102.4z",
					"M636.328 665.6h106.055v102.4h-106.055v-102.4z"
				],
				"attrs": [],
				"isMulticolor": false,
				"width": 973,
				"grid": 0,
				"tags": [
					"Calendar"
				],
				"colorPermutations": {
					"11410811118681841": []
				}
			},
			"attrs": [],
			"properties": {
				"order": 136,
				"id": 31,
				"prevSize": 32,
				"code": 105,
				"name": "calendar"
			},
			"setIdx": 1,
			"setId": 1,
			"iconIdx": 8
		},
		{
			"icon": {
				"paths": [
					"M970.105 835.368v53.895c0 59.284-48.505 107.789-107.789 107.789h-754.526c-59.823 0-107.789-48.505-107.789-107.789v-754.526c0-59.284 47.966-107.789 107.789-107.789h754.526c59.284 0 107.789 48.505 107.789 107.789v53.895h-485.053c-59.823 0-107.789 48.505-107.789 107.789v431.158c0 59.284 47.966 107.789 107.789 107.789h485.053zM485.053 727.579h538.947v-431.158h-538.947v431.158zM700.632 592.842c-44.733 0-80.842-36.109-80.842-80.842s36.109-80.842 80.842-80.842c44.733 0 80.842 36.109 80.842 80.842s-36.109 80.842-80.842 80.842v0z"
				],
				"attrs": [],
				"isMulticolor": false,
				"grid": 0,
				"tags": [
					"SharedBudget"
				],
				"colorPermutations": {
					"11410811118681841": []
				}
			},
			"attrs": [],
			"properties": {
				"order": 137,
				"id": 8,
				"prevSize": 32,
				"code": 108,
				"name": "shared-budget"
			},
			"setIdx": 1,
			"setId": 1,
			"iconIdx": 9
		},
		{
			"icon": {
				"paths": [
					"M910.222 0h-796.444c-62.578 0-113.778 51.2-113.778 113.778v796.444c0 62.578 51.2 113.778 113.778 113.778h796.444c62.578 0 113.778-51.2 113.778-113.778v-796.444c0-62.578-51.2-113.778-113.778-113.778v0zM910.222 409.6l-341.333 386.844-227.556-227.556-227.556 227.556v-170.667l227.556-227.556 227.556 227.556 341.333-386.844v170.667z"
				],
				"attrs": [],
				"isMulticolor": false,
				"grid": 0,
				"tags": [
					"ChartView"
				],
				"colorPermutations": {
					"11410811118681841": []
				}
			},
			"attrs": [],
			"properties": {
				"order": 133,
				"id": 30,
				"prevSize": 32,
				"code": 109,
				"name": "chart-view"
			},
			"setIdx": 1,
			"setId": 1,
			"iconIdx": 10
		},
		{
			"icon": {
				"paths": [
					"M711.111 625.778h-44.942l-15.929-15.36c55.751-64.853 89.316-149.049 89.316-240.64 0-204.231-165.547-369.778-369.778-369.778s-369.778 165.547-369.778 369.778c0 204.231 165.547 369.778 369.778 369.778 91.591 0 175.787-33.564 240.64-89.316l15.36 15.929v44.942l284.444 283.876 84.764-84.764-283.876-284.444zM369.778 625.778c-141.653 0-256-114.347-256-256s114.347-256 256-256c141.653 0 256 114.347 256 256s-114.347 256-256 256v0z"
				],
				"attrs": [],
				"isMulticolor": false,
				"grid": 0,
				"tags": [
					"Search"
				],
				"colorPermutations": {
					"11410811118681841": []
				}
			},
			"attrs": [],
			"properties": {
				"order": 131,
				"id": 9,
				"prevSize": 32,
				"code": 110,
				"name": "search"
			},
			"setIdx": 1,
			"setId": 1,
			"iconIdx": 11
		},
		{
			"icon": {
				"paths": [
					"M0 568.889h113.778v-113.778h-113.778v113.778zM0 796.444h113.778v-113.778h-113.778v113.778zM0 341.333h113.778v-113.778h-113.778v113.778zM227.556 568.889h796.444v-113.778h-796.444v113.778zM227.556 796.444h796.444v-113.778h-796.444v113.778zM227.556 227.556v113.778h796.444v-113.778h-796.444z"
				],
				"attrs": [],
				"isMulticolor": false,
				"grid": 0,
				"tags": [
					"List"
				],
				"colorPermutations": {
					"11410811118681841": []
				}
			},
			"attrs": [],
			"properties": {
				"order": 132,
				"id": 20,
				"prevSize": 32,
				"code": 111,
				"name": "list"
			},
			"setIdx": 1,
			"setId": 1,
			"iconIdx": 12
		},
		{
			"icon": {
				"paths": [
					"M0 796.444v113.778h341.333v-113.778h-341.333zM0 113.778v113.778h568.889v-113.778h-568.889zM568.889 1024v-113.778h455.111v-113.778h-455.111v-113.778h-113.778v341.333h113.778zM227.556 341.333v113.778h-227.556v113.778h227.556v113.778h113.778v-341.333h-113.778zM1024 568.889v-113.778h-568.889v113.778h568.889zM682.667 341.333h113.778v-113.778h227.556v-113.778h-227.556v-113.778h-113.778v341.333z"
				],
				"attrs": [],
				"isMulticolor": false,
				"grid": 0,
				"tags": [
					"Filter"
				],
				"colorPermutations": {
					"11410811118681841": []
				}
			},
			"attrs": [],
			"properties": {
				"order": 128,
				"id": 23,
				"prevSize": 32,
				"code": 112,
				"name": "filter"
			},
			"setIdx": 1,
			"setId": 1,
			"iconIdx": 13
		},
		{
			"icon": {
				"paths": [
					"M512 0c-281.6 0-512 230.4-512 512s230.4 512 512 512c281.6 0 512-230.4 512-512s-230.4-512-512-512v0zM512 921.6c-225.28 0-409.6-184.32-409.6-409.6s184.32-409.6 409.6-409.6c225.28 0 409.6 184.32 409.6 409.6s-184.32 409.6-409.6 409.6v0z",
					"M537.6 256h-76.8v307.2l266.24 163.84 40.96-66.56-230.4-138.24v-266.24z"
				],
				"attrs": [],
				"isMulticolor": false,
				"grid": 0,
				"tags": [
					"Schedule"
				],
				"colorPermutations": {
					"11410811118681841": []
				}
			},
			"attrs": [],
			"properties": {
				"order": 93,
				"id": 10,
				"prevSize": 32,
				"code": 114,
				"name": "schedule"
			},
			"setIdx": 1,
			"setId": 1,
			"iconIdx": 14
		},
		{
			"icon": {
				"paths": [
					"M512 0c-281.6 0-512 230.4-512 512s230.4 512 512 512c281.6 0 512-230.4 512-512s-230.4-512-512-512v0zM102.4 512c0-225.28 184.32-409.6 409.6-409.6 92.16 0 179.2 30.72 250.88 87.040l-573.44 573.44c-56.32-71.68-87.040-158.72-87.040-250.88v0zM512 921.6c-92.16 0-179.2-30.72-250.88-87.040l573.44-573.44c56.32 71.68 87.040 158.72 87.040 250.88 0 225.28-184.32 409.6-409.6 409.6v0z"
				],
				"attrs": [],
				"isMulticolor": false,
				"grid": 0,
				"tags": [
					"Block"
				],
				"colorPermutations": {
					"11410811118681841": []
				}
			},
			"attrs": [],
			"properties": {
				"order": 94,
				"id": 32,
				"prevSize": 32,
				"code": 115,
				"name": "block"
			},
			"setIdx": 1,
			"setId": 1,
			"iconIdx": 15
		},
		{
			"icon": {
				"paths": [
					"M739.556 796.444v-398.222h-113.778v398.222h-170.667l227.556 227.556 227.556-227.556h-170.667zM341.333 0l-227.556 227.556h170.667v398.222h113.778v-398.222h170.667l-227.556-227.556z"
				],
				"attrs": [],
				"isMulticolor": false,
				"grid": 0,
				"tags": [
					"Sorting"
				],
				"colorPermutations": {
					"11410811118681841": []
				}
			},
			"attrs": [],
			"properties": {
				"order": 95,
				"id": 5,
				"prevSize": 32,
				"code": 116,
				"name": "sorting"
			},
			"setIdx": 1,
			"setId": 1,
			"iconIdx": 16
		},
		{
			"icon": {
				"paths": [
					"M904.533 853.333l-392.533-392.533-392.533 392.533-119.467-119.467 512-512 512 512-119.467 119.467z"
				],
				"attrs": [],
				"isMulticolor": false,
				"grid": 0,
				"tags": [
					"Collapse"
				],
				"colorPermutations": {
					"11410811118681841": []
				}
			},
			"attrs": [],
			"properties": {
				"order": 96,
				"id": 26,
				"prevSize": 32,
				"code": 117,
				"name": "collapse"
			},
			"setIdx": 1,
			"setId": 1,
			"iconIdx": 17
		},
		{
			"icon": {
				"paths": [
					"M779.815 874.338l-362.338-362.338 362.338-362.338-110.277-110.277-472.615 472.615 472.615 472.615 110.277-110.277z"
				],
				"attrs": [],
				"isMulticolor": false,
				"grid": 0,
				"tags": [
					"Previous"
				],
				"colorPermutations": {
					"11410811118681841": []
				}
			},
			"attrs": [],
			"properties": {
				"order": 125,
				"id": 14,
				"prevSize": 32,
				"code": 118,
				"name": "previous"
			},
			"setIdx": 1,
			"setId": 1,
			"iconIdx": 18
		},
		{
			"icon": {
				"paths": [
					"M244.185 890.092l362.338-354.462-362.338-362.338 110.277-110.277 472.615 472.615-472.615 472.615-110.277-118.154z"
				],
				"attrs": [],
				"isMulticolor": false,
				"grid": 0,
				"tags": [
					"Next"
				],
				"colorPermutations": {
					"11410811118681841": []
				}
			},
			"attrs": [],
			"properties": {
				"order": 124,
				"id": 19,
				"prevSize": 32,
				"code": 119,
				"name": "next"
			},
			"setIdx": 1,
			"setId": 1,
			"iconIdx": 19
		},
		{
			"icon": {
				"paths": [
					"M119.467 170.667l392.533 392.533 392.533-392.533 119.467 119.467-512 512-512-512 119.467-119.467z"
				],
				"attrs": [],
				"isMulticolor": false,
				"grid": 0,
				"tags": [
					"Expand"
				],
				"colorPermutations": {
					"11410811118681841": []
				}
			},
			"attrs": [],
			"properties": {
				"order": 138,
				"id": 24,
				"prevSize": 32,
				"code": 120,
				"name": "expand"
			},
			"setIdx": 1,
			"setId": 1,
			"iconIdx": 20
		},
		{
			"icon": {
				"paths": [
					"M0 256l512 512 512-512h-1024z"
				],
				"attrs": [],
				"isMulticolor": false,
				"grid": 0,
				"tags": [
					"SmallExpand"
				],
				"colorPermutations": {
					"11410811118681841": []
				}
			},
			"attrs": [],
			"properties": {
				"order": 139,
				"id": 6,
				"prevSize": 32,
				"code": 121,
				"name": "smal-expand"
			},
			"setIdx": 1,
			"setId": 1,
			"iconIdx": 21
		},
		{
			"icon": {
				"paths": [
					"M1024 768l-512-512-512 512h1024z"
				],
				"attrs": [],
				"isMulticolor": false,
				"grid": 0,
				"tags": [
					"SmallCollapse"
				],
				"colorPermutations": {
					"11410811118681841": []
				}
			},
			"attrs": [],
			"properties": {
				"order": 140,
				"id": 7,
				"prevSize": 32,
				"code": 122,
				"name": "small-collapse"
			},
			"setIdx": 1,
			"setId": 1,
			"iconIdx": 22
		},
		{
			"icon": {
				"paths": [
					"M910.222 0h-796.444c-63.147 0-113.778 51.2-113.778 113.778v796.444c0 62.578 50.631 113.778 113.778 113.778h796.444c63.147 0 113.778-51.2 113.778-113.778v-796.444c0-62.578-50.631-113.778-113.778-113.778v0zM398.222 796.444l-284.444-284.444 80.213-80.213 204.231 203.662 431.787-431.787 80.213 80.782-512 512z"
				],
				"attrs": [],
				"isMulticolor": false,
				"grid": 0,
				"tags": [
					"CheckboxOn"
				],
				"colorPermutations": {
					"11410811118681841": []
				}
			},
			"attrs": [],
			"properties": {
				"order": 141,
				"id": 28,
				"prevSize": 32,
				"code": 49,
				"name": "checkbox-on"
			},
			"setIdx": 1,
			"setId": 1,
			"iconIdx": 23
		},
		{
			"icon": {
				"paths": [
					"M512 256c-141.312 0-256 114.688-256 256s114.688 256 256 256c141.312 0 256-114.688 256-256s-114.688-256-256-256v0zM512 0c-282.624 0-512 229.376-512 512s229.376 512 512 512c282.624 0 512-229.376 512-512s-229.376-512-512-512v0zM512 921.6c-226.304 0-409.6-183.296-409.6-409.6s183.296-409.6 409.6-409.6c226.304 0 409.6 183.296 409.6 409.6s-183.296 409.6-409.6 409.6v0z"
				],
				"attrs": [],
				"isMulticolor": false,
				"grid": 0,
				"tags": [
					"RadioOn"
				],
				"colorPermutations": {
					"11410811118681841": []
				}
			},
			"attrs": [],
			"properties": {
				"order": 142,
				"id": 12,
				"prevSize": 32,
				"code": 50,
				"name": "radio-on"
			},
			"setIdx": 1,
			"setId": 1,
			"iconIdx": 24
		},
		{
			"icon": {
				"paths": [
					"M73.143 1024h292.571v-1024h-292.571v1024zM658.286 0v1024h292.571v-1024h-292.571z"
				],
				"attrs": [],
				"isMulticolor": false,
				"grid": 0,
				"tags": [
					"Paused"
				],
				"colorPermutations": {
					"11410811118681841": []
				}
			},
			"attrs": [],
			"properties": {
				"order": 130,
				"id": 17,
				"prevSize": 32,
				"code": 51,
				"name": "paused"
			},
			"setIdx": 1,
			"setId": 1,
			"iconIdx": 25
		},
		{
			"icon": {
				"paths": [
					"M109.714 0v1024l804.571-512-804.571-512z"
				],
				"attrs": [],
				"isMulticolor": false,
				"grid": 0,
				"tags": [
					"Playing"
				],
				"colorPermutations": {
					"11410811118681841": []
				}
			},
			"attrs": [],
			"properties": {
				"order": 129,
				"id": 15,
				"prevSize": 32,
				"code": 52,
				"name": "playing"
			},
			"setIdx": 1,
			"setId": 1,
			"iconIdx": 26
		},
		{
			"icon": {
				"paths": [
					"M0 0h1024v1024h-1024v-1024z"
				],
				"attrs": [],
				"isMulticolor": false,
				"grid": 0,
				"tags": [
					"Stopped"
				],
				"colorPermutations": {
					"11410811118681841": []
				}
			},
			"attrs": [],
			"properties": {
				"order": 122,
				"id": 4,
				"prevSize": 32,
				"code": 53,
				"name": "stopped"
			},
			"setIdx": 1,
			"setId": 1,
			"iconIdx": 27
		},
		{
			"icon": {
				"paths": [
					"M1024 585.143h-438.857v438.857h-146.286v-438.857h-438.857v-146.286h438.857v-438.857h146.286v438.857h438.857v146.286z"
				],
				"attrs": [],
				"isMulticolor": false,
				"grid": 0,
				"tags": [
					"Add"
				],
				"colorPermutations": {
					"11410811118681841": []
				}
			},
			"attrs": [],
			"properties": {
				"order": 106,
				"id": 36,
				"prevSize": 32,
				"code": 54,
				"name": "add"
			},
			"setIdx": 1,
			"setId": 1,
			"iconIdx": 28
		},
		{
			"icon": {
				"paths": [
					"M97.28 512c0-87.552 71.168-158.72 158.72-158.72h204.8v-97.28h-204.8c-141.312 0-256 114.688-256 256s114.688 256 256 256h204.8v-97.28h-204.8c-87.552 0-158.72-71.168-158.72-158.72v0zM307.2 563.2h409.6v-102.4h-409.6v102.4zM768 256h-204.8v97.28h204.8c87.552 0 158.72 71.168 158.72 158.72s-71.168 158.72-158.72 158.72h-204.8v97.28h204.8c141.312 0 256-114.688 256-256s-114.688-256-256-256v0z"
				],
				"attrs": [],
				"isMulticolor": false,
				"grid": 0,
				"tags": [
					"Link"
				],
				"colorPermutations": {
					"11410811118681841": []
				}
			},
			"attrs": [],
			"properties": {
				"order": 107,
				"id": 21,
				"prevSize": 32,
				"code": 55,
				"name": "link"
			},
			"setIdx": 1,
			"setId": 1,
			"iconIdx": 29
		},
		{
			"icon": {
				"paths": [
					"M804.571 341.333h-48.762v-97.524c0-134.583-109.227-243.81-243.81-243.81s-243.81 109.227-243.81 243.81v97.524h-48.762c-53.638 0-97.524 43.886-97.524 97.524v487.619c0 53.638 43.886 97.524 97.524 97.524h585.143c53.638 0 97.524-43.886 97.524-97.524v-487.619c0-53.638-43.886-97.524-97.524-97.524v0zM512 780.19c-53.638 0-97.524-43.886-97.524-97.524s43.886-97.524 97.524-97.524c53.638 0 97.524 43.886 97.524 97.524s-43.886 97.524-97.524 97.524v0zM663.162 341.333h-302.324v-97.524c0-83.383 67.779-151.162 151.162-151.162s151.162 67.779 151.162 151.162v97.524z"
				],
				"attrs": [],
				"isMulticolor": false,
				"grid": 0,
				"tags": [
					"Password"
				],
				"colorPermutations": {
					"11410811118681841": []
				}
			},
			"attrs": [],
			"properties": {
				"order": 108,
				"id": 18,
				"prevSize": 32,
				"code": 56,
				"name": "password"
			},
			"setIdx": 1,
			"setId": 1,
			"iconIdx": 30
		},
		{
			"icon": {
				"paths": [
					"M796.444 426.667v-199.111c0-34.133-22.756-56.889-56.889-56.889h-682.667c-34.133 0-56.889 22.756-56.889 56.889v568.889c0 34.133 22.756 56.889 56.889 56.889h682.667c34.133 0 56.889-22.756 56.889-56.889v-199.111l227.556 227.556v-625.778l-227.556 227.556z"
				],
				"attrs": [],
				"isMulticolor": false,
				"grid": 0,
				"tags": [
					"Video"
				],
				"colorPermutations": {
					"11410811118681841": []
				}
			},
			"attrs": [],
			"properties": {
				"order": 109,
				"id": 3,
				"prevSize": 32,
				"code": 57,
				"name": "video"
			},
			"setIdx": 1,
			"setId": 1,
			"iconIdx": 31
		},
		{
			"icon": {
				"paths": [
					"M1408 896v-768c0-70.4-57.6-128-128-128h-1152c-70.4 0-128 57.6-128 128v768c0 70.4 57.6 128 128 128h1152c70.4 0 128-57.6 128-128v0zM480 544l160 192 224-288 288 384h-896l224-288z"
				],
				"attrs": [],
				"isMulticolor": false,
				"grid": 0,
				"tags": [
					"Image"
				],
				"colorPermutations": {
					"11410811118681841": []
				},
				"width": 1408
			},
			"attrs": [],
			"properties": {
				"order": 126,
				"id": 22,
				"prevSize": 32,
				"code": 48,
				"name": "image"
			},
			"setIdx": 1,
			"setId": 1,
			"iconIdx": 32
		},
		{
			"icon": {
				"paths": [
					"M910.222 113.778v796.444h-796.444v-796.444h796.444zM910.222 0h-796.444c-62.578 0-113.778 51.2-113.778 113.778v796.444c0 62.578 51.2 113.778 113.778 113.778h796.444c62.578 0 113.778-51.2 113.778-113.778v-796.444c0-62.578-51.2-113.778-113.778-113.778v0z"
				],
				"attrs": [],
				"isMulticolor": false,
				"grid": 0,
				"tags": [
					"CheckboxOff"
				],
				"colorPermutations": {
					"11410811118681841": []
				}
			},
			"attrs": [],
			"properties": {
				"order": 127,
				"id": 29,
				"prevSize": 32,
				"code": 45,
				"name": "checkbox-off"
			},
			"setIdx": 1,
			"setId": 1,
			"iconIdx": 33
		},
		{
			"icon": {
				"paths": [
					"M512 0c-282.624 0-512 229.376-512 512s229.376 512 512 512c282.624 0 512-229.376 512-512s-229.376-512-512-512v0zM512 921.6c-226.304 0-409.6-183.296-409.6-409.6s183.296-409.6 409.6-409.6c226.304 0 409.6 183.296 409.6 409.6s-183.296 409.6-409.6 409.6v0z"
				],
				"attrs": [],
				"isMulticolor": false,
				"grid": 0,
				"tags": [
					"RadioOff"
				],
				"colorPermutations": {
					"11410811118681841": []
				}
			},
			"attrs": [],
			"properties": {
				"order": 143,
				"id": 13,
				"prevSize": 32,
				"code": 61,
				"name": "radio-off"
			},
			"setIdx": 1,
			"setId": 1,
			"iconIdx": 34
		},
		{
			"icon": {
				"paths": [
					"M512 0c-282.624 0-512 229.376-512 512s229.376 512 512 512c282.624 0 512-229.376 512-512s-229.376-512-512-512v0zM563.2 870.4h-102.4v-102.4h102.4v102.4zM669.184 473.6l-46.080 47.104c-36.864 37.376-59.904 68.096-59.904 144.896h-102.4v-25.6c0-56.32 23.040-107.52 59.904-144.896l63.488-64.512c18.944-18.432 30.208-44.032 30.208-72.192 0-56.32-46.080-102.4-102.4-102.4s-102.4 46.080-102.4 102.4h-102.4c0-113.152 91.648-204.8 204.8-204.8s204.8 91.648 204.8 204.8c0 45.056-18.432 86.016-47.616 115.2v0z"
				],
				"attrs": [],
				"isMulticolor": false,
				"grid": 0,
				"tags": [
					"WhatsThis"
				],
				"colorPermutations": {
					"11410811118681841": []
				}
			},
			"attrs": [],
			"properties": {
				"order": 144,
				"id": 2,
				"prevSize": 32,
				"code": 63,
				"name": "whats-this"
			},
			"setIdx": 1,
			"setId": 1,
			"iconIdx": 35
		},
		{
			"icon": {
				"paths": [
					"M128 384c-70.4 0-128 57.6-128 128s57.6 128 128 128c70.4 0 128-57.6 128-128s-57.6-128-128-128v0zM896 384c-70.4 0-128 57.6-128 128s57.6 128 128 128c70.4 0 128-57.6 128-128s-57.6-128-128-128v0zM512 384c-70.4 0-128 57.6-128 128s57.6 128 128 128c70.4 0 128-57.6 128-128s-57.6-128-128-128v0z"
				],
				"attrs": [],
				"isMulticolor": false,
				"grid": 0,
				"tags": [
					"Pending"
				],
				"colorPermutations": {
					"11410811118681841": []
				}
			},
			"attrs": [],
			"properties": {
				"order": 145,
				"id": 16,
				"prevSize": 32,
				"code": 33,
				"name": "pending"
			},
			"setIdx": 1,
			"setId": 1,
			"iconIdx": 36
		},
		{
			"icon": {
				"paths": [
					"M0 1024h1536v-170.667h-1536v170.667zM0 597.333h1536v-170.667h-1536v170.667zM0 0v170.667h1536v-170.667h-1536z"
				],
				"attrs": [
					{
						"fill": "rgb(114, 108, 111)"
					}
				],
				"isMulticolor": false,
				"width": 1536,
				"grid": 0,
				"tags": [
					"Menu"
				],
				"colorPermutations": {
					"11410811118681841": [
						1
					]
				}
			},
			"attrs": [
				{
					"fill": "rgb(114, 108, 111)"
				}
			],
			"properties": {
				"order": 146,
				"id": 37,
				"prevSize": 32,
				"code": 64,
				"name": "menu"
			},
			"setIdx": 1,
			"setId": 1,
			"iconIdx": 37
		},
		{
			"icon": {
				"paths": [
					"M910.222 910.222h-796.444v-796.444h398.222v-113.778h-398.222c-62.578 0-113.778 51.2-113.778 113.778v796.444c0 62.578 51.2 113.778 113.778 113.778h796.444c62.578 0 113.778-51.2 113.778-113.778v-398.222h-113.778v398.222zM625.778 0v113.778h204.8l-557.511 557.511 79.644 79.644 557.511-557.511v204.8h113.778v-398.222h-398.222z"
				],
				"attrs": [
					{
						"fill": "rgb(114, 108, 111)"
					}
				],
				"isMulticolor": false,
				"grid": 0,
				"tags": [
					"Launch"
				],
				"colorPermutations": {
					"11410811118681841": [
						1
					]
				}
			},
			"attrs": [
				{
					"fill": "rgb(114, 108, 111)"
				}
			],
			"properties": {
				"order": 147,
				"id": 38,
				"prevSize": 32,
				"code": 35,
				"name": "launch"
			},
			"setIdx": 1,
			"setId": 1,
			"iconIdx": 38
		},
		{
			"icon": {
				"paths": [
					"M102.4 0c-56.32 0-102.4 46.080-102.4 102.4v819.2c0 56.32 46.080 102.4 102.4 102.4h614.4c56.32 0 102.4-46.080 102.4-102.4v-614.4l-307.2-307.2h-409.6zM665.847 564.772l-256 256-256-256h153.6v-204.8h204.8v204.8l151.969-0.219 1.631 0.219z"
				],
				"attrs": [
					{
						"fill": "rgb(114, 108, 111)"
					}
				],
				"isMulticolor": false,
				"width": 819,
				"grid": 0,
				"tags": [
					"Download"
				],
				"colorPermutations": {
					"11410811118681841": [
						1
					]
				}
			},
			"attrs": [
				{
					"fill": "rgb(114, 108, 111)"
				}
			],
			"properties": {
				"order": 150,
				"id": 42,
				"prevSize": 32,
				"code": 36,
				"name": "download"
			},
			"setIdx": 1,
			"setId": 1,
			"iconIdx": 39
		},
		{
			"icon": {
				"paths": [
					"M512 512v-409.6h51.2v-102.4h-512v102.4h51.2v409.6l-102.4 102.4v102.4h266.24v307.2h81.92v-307.2h266.24v-102.4l-102.4-102.4z"
				],
				"attrs": [
					{
						"fill": "rgb(114, 108, 111)"
					}
				],
				"isMulticolor": false,
				"width": 614,
				"grid": 0,
				"tags": [
					"Pin"
				],
				"colorPermutations": {
					"11410811118681841": [
						1
					]
				}
			},
			"attrs": [
				{
					"fill": "rgb(114, 108, 111)"
				}
			],
			"properties": {
				"order": 118,
				"id": 40,
				"prevSize": 32,
				"code": 37,
				"name": "pin"
			},
			"setIdx": 1,
			"setId": 1,
			"iconIdx": 40
		},
		{
			"icon": {
				"paths": [
					"M796.444 512c0-62.578-51.2-113.778-113.778-113.778s-113.778 51.2-113.778 113.778c0 62.578 51.2 113.778 113.778 113.778s113.778-51.2 113.778-113.778v0zM682.667 0c-282.738 0-512 229.262-512 512h-170.667l227.556 227.556 227.556-227.556h-170.667c0-220.16 178.062-398.222 398.222-398.222s398.222 178.062 398.222 398.222c0 220.16-178.062 398.222-398.222 398.222-85.902 0-165.547-27.876-230.969-73.956l-80.782 81.92c86.471 65.991 194.56 105.813 311.751 105.813 282.738 0 512-229.262 512-512s-229.262-512-512-512v0z"
				],
				"attrs": [
					{
						"fill": "rgb(86, 81, 84)"
					}
				],
				"isMulticolor": false,
				"width": 1195,
				"grid": 0,
				"tags": [
					"PinandReplace"
				],
				"colorPermutations": {
					"11410811118681841": [
						0
					]
				}
			},
			"attrs": [
				{
					"fill": "rgb(86, 81, 84)"
				}
			],
			"properties": {
				"order": 148,
				"id": 41,
				"prevSize": 32,
				"code": 94,
				"name": "pin-replace"
			},
			"setIdx": 1,
			"setId": 1,
			"iconIdx": 41
		},
		{
			"icon": {
				"paths": [
					"M604.705 2.807c-0.801-0.426-369.239-2.807-369.239-2.807l-235.364 276.062c-0.352 0.449 0.312 652.148 0.312 652.148 0 51.2 41.891 93.091 93.091 93.091h651.636c51.2 0 93.091-41.891 93.091-93.091v-651.636c-0.807 1.591-232.727-273.341-233.528-273.767zM93.506 928.21v-280.204h651.636v280.204h-651.636zM93.506 555.847v-279.273h651.636v279.273h-651.636zM233.154 183.182l93.472-91.455 186.273 0.699c0 0 91.955 91.563 92.432 92.636s-372.176-1.881-372.176-1.881zM513.782 369.801l-3.463 89.881-184.92 2.085v-93.091l188.384 1.125zM513.782 742.165l-3.463 89.881-184.92 2.085v-93.091l188.384 1.125z"
				],
				"attrs": [
					{
						"fill": "rgb(114, 108, 111)"
					}
				],
				"isMulticolor": false,
				"width": 884,
				"grid": 0,
				"tags": [
					"Archive"
				],
				"colorPermutations": {
					"11410811118681841": [
						1
					]
				}
			},
			"attrs": [
				{
					"fill": "rgb(114, 108, 111)"
				}
			],
			"properties": {
				"order": 151,
				"id": 43,
				"prevSize": 32,
				"code": 38,
				"name": "archive"
			},
			"setIdx": 1,
			"setId": 1,
			"iconIdx": 42
		}
	],
	"height": 1024,
	"metadata": {
		"name": "symmetric-ui",
		"designer": "Savitha Pal"
	},
	"preferences": {
		"showGlyphs": true,
		"showQuickUse": true,
		"showQuickUse2": true,
		"showSVGs": true,
		"fontPref": {
			"prefix": "sycon-",
			"metadata": {
				"fontFamily": "symmetric-ui",
				"majorVersion": 3,
				"minorVersion": 2,
				"designer": "Savitha Pal"
			},
			"metrics": {
				"emSize": 1024,
				"baseline": 6.25,
				"whitespace": 50
			},
			"embed": false,
			"showVersion": true,
			"showMetadata": true,
			"showMetrics": true,
			"showSelector": true
		},
		"imagePref": {
			"prefix": "icon-",
			"png": true,
			"useClassSelector": true,
			"color": 0,
			"bgColor": 16777215,
			"classSelector": ".icon"
		},
		"historySize": 100,
		"showCodes": true,
		"gridSize": 16
	}
}